[{"model": "sites.site", "pk": 1, "fields": {"domain": "example.com", "name": "example.com"}}, {"model": "sessions.session", "pk": "nni9v66erlayvxwki1mykt80ab08ozxz", "fields": {"session_data": ".eJxVjDsOwjAQBe_iGln4t2tT0ucM1m5skwCypTipEHeHSCmgfTPzXiLStk5x63mJcxIXocXpd2MaH7nuIN2p3pocW12XmeWuyIN2ObSUn9fD_TuYqE_f2tvAGFJCBezBjQUskKJiTAiotXdArHU-K0ajwIHFjK6gCjYzFO3F-wPDiTbX:1kGzMx:RP8IPiS2uqkU2vD3-NqJYFLjUlfNfBWTUfRVIooSqTg", "expire_date": "2020-09-26T06:50:43.876Z"}}, {"model": "Hotels.roomtypebeds", "pk": 1, "fields": {"count": 1}}, {"model": "Hotels.roomtypebeds", "pk": 2, "fields": {"count": 2}}, {"model": "Hotels.roomtypebeds", "pk": 3, "fields": {"count": 3}}, {"model": "Hotels.roomtypebeds", "pk": 4, "fields": {"count": 4}}, {"model": "Hotels.roomtypebeds", "pk": 5, "fields": {"count": 5}}, {"model": "Hotels.roomtypebeds", "pk": 6, "fields": {"count": 6}}, {"model": "Hotels.hotelamenities", "pk": 1, "fields": {"name": "Free toiletries"}}, {"model": "Hotels.hotelamenities", "pk": 2, "fields": {"name": "Bathrobe"}}, {"model": "Hotels.hotelamenities", "pk": 3, "fields": {"name": "Sofa"}}, {"model": "Hotels.hotelamenities", "pk": 4, "fields": {"name": "Safe"}}, {"model": "Hotels.hotelamenities", "pk": 5, "fields": {"name": "High chaire"}}, {"model": "Hotels.hotelamenities", "pk": 6, "fields": {"name": "Toilet paper"}}, {"model": "Hotels.hotelamenities", "pk": 7, "fields": {"name": "Alarm clock"}}, {"model": "Hotels.roomamenities", "pk": 1, "fields": {"name": "Pool view", "icon": "<i class='fas fa-swimming-pool facilities-with-logo'></i>"}}, {"model": "Hotels.roomamenities", "pk": 2, "fields": {"name": "City view", "icon": "<i class='far fa-building facilities-with-logo'></i>"}}, {"model": "Hotels.roomamenities", "pk": 3, "fields": {"name": "Air conditioning", "icon": "<i class='far fa-snowflake facilities-with-logo'></i>"}}, {"model": "Hotels.roomamenities", "pk": 4, "fields": {"name": "Private bathroom", "icon": "<i class='fas fa-bath facilities-with-logo'></i>"}}, {"model": "Hotels.roomamenities", "pk": 5, "fields": {"name": "Flat screen TV", "icon": "<i class='fas fa-tv facilities-with-logo'></i>"}}, {"model": "Hotels.roomamenities", "pk": 6, "fields": {"name": "Free WI-FI", "icon": "<i class='fas fa-wifi facilities-with-logo'></i>"}}, {"model": "Hotels.roomtype", "pk": 5, "fields": {"title": "1 King Bed room", "description": "Your best choice", "price": "160.00", "beds": [1, 2, 3], "child_count": [1, 2, 3], "room_amenity": [1, 2, 3, 4, 5, 6]}}, {"model": "Hotels.roomtype", "pk": 6, "fields": {"title": "Normal room", "description": "Our normal room", "price": "40.00", "beds": [1, 2], "child_count": [1], "room_amenity": [4, 6]}}, {"model": "Hotels.roomtype", "pk": 7, "fields": {"title": "Double room", "description": "Our double room", "price": "70.00", "beds": [1, 2, 3], "child_count": [1, 2], "room_amenity": [2, 3, 5, 6]}}, {"model": "Hotels.reviews", "pk": 1, "fields": {"title": "First review", "subject": "It was a great time for me and my family. House was amazingly clean and our host’s hospitality was in the highest level. Definitely looking forward to come back again sometime soon. I highly recommend this place.", "reservation": 2, "created_at": "2020-09-15T08:19:26Z", "review_rating": [1, 2]}}, {"model": "Hotels.reviews", "pk": 2, "fields": {"title": "Second review", "subject": "It was a great time for me and my family. House was amazingly clean and our host’s hospitality was in the highest level. Definitely looking forward to come back again sometime soon. I highly recommend this place.", "reservation": 2, "created_at": "2020-09-15T08:20:36Z", "review_rating": [2]}}, {"model": "Hotels.reviews", "pk": 3, "fields": {"title": "Third review", "subject": "It was a great time for me and my family. House was amazingly clean and our host’s hospitality was in the highest level. Definitely looking forward to come back again sometime soon. I highly recommend this place.", "reservation": 2, "created_at": "2020-09-15T08:21:00Z", "review_rating": [1, 2]}}, {"model": "Hotels.reviews", "pk": 4, "fields": {"title": "Fourth Review", "subject": "It was a great time for me and my family. House was amazingly clean and our host’s hospitality was in the highest level. Definitely looking forward to come back again sometime soon. I highly recommend this place.", "reservation": 2, "created_at": "2020-09-15T08:21:17Z", "review_rating": [1, 2]}}, {"model": "Hotels.policiessubfeatures", "pk": 1, "fields": {"title": "Check-in time starts at 2:00 PM", "policies": 3}}, {"model": "Hotels.policiessubfeatures", "pk": 2, "fields": {"title": "Express check-in", "policies": 3}}, {"model": "Hotels.policiessubfeatures", "pk": 3, "fields": {"title": "Minimum check-in age - 18", "policies": 3}}, {"model": "Hotels.policiessubfeatures", "pk": 4, "fields": {"title": "Host will greet you, key retrieval", "policies": 2}}, {"model": "Hotels.policiessubfeatures", "pk": 5, "fields": {"title": "Children are welcome", "policies": 1}}, {"model": "Hotels.policiessubfeatures", "pk": 6, "fields": {"title": "Rollaway/extra beds are available for AZN 40.0 per day", "policies": 1}}, {"model": "Hotels.policiessubfeatures", "pk": 7, "fields": {"title": "Cribs (infant beds) are not available", "policies": 1}}, {"model": "Hotels.policiessubfeatures", "pk": 8, "fields": {"title": "Check-out before noon", "policies": 4}}, {"model": "Hotels.policiessubfeatures", "pk": 9, "fields": {"title": "Late check-out subject to availability", "policies": 4}}, {"model": "Hotels.policiessubfeatures", "pk": 10, "fields": {"title": "Express check-out", "policies": 4}}, {"model": "Hotels.policiessubfeatures", "pk": 11, "fields": {"title": "Pets not allowed", "policies": 5}}, {"model": "Hotels.policies", "pk": 1, "fields": {"title": "Children and extra beds :"}}, {"model": "Hotels.policies", "pk": 2, "fields": {"title": "Access methods:"}}, {"model": "Hotels.policies", "pk": 3, "fields": {"title": "Check-in:"}}, {"model": "Hotels.policies", "pk": 4, "fields": {"title": "Check-out:"}}, {"model": "Hotels.policies", "pk": 5, "fields": {"title": "Pets :"}}, {"model": "Hotels.reviewfields", "pk": 1, "fields": {"title": "Accuracy"}}, {"model": "Hotels.reviewfields", "pk": 2, "fields": {"title": "Check-in"}}, {"model": "Hotels.reviewfields", "pk": 3, "fields": {"title": "Cleanlines"}}, {"model": "Hotels.reviewfields", "pk": 4, "fields": {"title": "Communication"}}, {"model": "Hotels.reviewfields", "pk": 5, "fields": {"title": "Location"}}, {"model": "Hotels.reviewfields", "pk": 6, "fields": {"title": "Value"}}, {"model": "Hotels.reviewrating", "pk": 1, "fields": {"rating_point": 5, "review_field": [1, 2, 3, 4, 5, 6]}}, {"model": "Hotels.reviewrating", "pk": 2, "fields": {"rating_point": 5, "review_field": [3, 4, 5, 6]}}, {"model": "Hotels.childcount", "pk": 1, "fields": {"count": 1}}, {"model": "Hotels.childcount", "pk": 2, "fields": {"count": 2}}, {"model": "Hotels.childcount", "pk": 3, "fields": {"count": 3}}, {"model": "Hotels.childcount", "pk": 4, "fields": {"count": 4}}, {"model": "Hotels.childcount", "pk": 5, "fields": {"count": 5}}, {"model": "Main.city", "pk": 1, "fields": {"name": "Baki", "image": "images/baku-venice_WhKiqGD.jpg"}}, {"model": "Main.city", "pk": 2, "fields": {"name": "Qebele", "image": "images/hotel1_9vhrUhW.jpg"}}, {"model": "Main.city", "pk": 3, "fields": {"name": "Shamaxi", "image": "images/summer_IUdFORY.jpg"}}, {"model": "Account.user", "pk": 1, "fields": {"password": "pbkdf2_sha256$216000$diMC4wGg0kv4$jog8VWVsRw5hQxPsbLKFDHbJG3rd3BnipxOttCEnCGY=", "last_login": null, "is_superuser": true, "username": "admin", "first_name": "", "last_name": "", "is_staff": true, "is_active": true, "date_joined": "2020-09-12T06:43:28.762Z", "email": "s@mail.ru", "image": "", "name": "", "surname": "", "groups": [], "user_permissions": []}}, {"model": "Account.user", "pk": 2, "fields": {"password": "pbkdf2_sha256$216000$M6qwSIwdjmND$NnB8nZWcvCVl4/ijwjWqZ8+30FbLpA5N+bt0k++aSfA=", "last_login": "2020-09-12T06:50:43Z", "is_superuser": true, "username": "agil", "first_name": "Agil", "last_name": "Makhmudov", "is_staff": true, "is_active": true, "date_joined": "2020-09-12T06:43:49Z", "email": "a@mail.ru", "image": "user_images/avatar.webp", "name": "Agil", "surname": "Makhmudov", "groups": [], "user_permissions": []}}, {"model": "Hotels.reservation", "pk": 2, "fields": {"reservation_time": "2020-09-15T08:16:32Z", "price": "350.00", "note": "its ok", "day_count": 3, "room_type": 5, "user": ["agil"], "hotel": 4}}, {"model": "Hotels.hotel", "pk": 1, "fields": {"name": "Qafqaz Hotel", "name_description": "The best choice", "short_description": "Benefit from our promotions to enjoy the most authentic Venice in Canareggio area. Flexible cancellation policy.", "long_description": "Benefit from our promotions to enjoy the most authentic Venice in Canareggio area. Flexible cancellation policy.", "longitude": "40.200000000000000", "latitude": "40.200000000000000", "phone_number": 55555, "website": "qafqaz.com", "rating": "5.0", "main_image": "images/hotelImages/baku-venice_t8T7clg.jpg", "min_price": 90, "city": 1, "author": ["agil"], "slug": "qafqaz-hotel-20200915-081312", "policies": [1, 2, 3, 4, 5], "room_type": [5, 6, 7], "hotel_amenity": [1, 2, 3, 4], "room_amenity": [1, 2, 3, 4, 5, 6], "review_fields": [1, 2, 3, 4, 5, 6]}}, {"model": "Hotels.hotel", "pk": 2, "fields": {"name": "New Style Hotel", "name_description": "New Style Hotel", "short_description": "Your best choice", "long_description": "Benefit from our promotions to enjoy the most authentic Venice in Canareggio area. Flexible cancellation policy.", "longitude": "80.000000000000000", "latitude": "50.000000000000000", "phone_number": 555555, "website": "new.com", "rating": "3.0", "main_image": "images/hotelImages/hotel2.jpeg", "min_price": 50, "city": 1, "author": ["agil"], "slug": "new-style-hotel-20200915-081319", "policies": [1, 2, 3, 4, 5], "room_type": [5, 6, 7], "hotel_amenity": [7], "room_amenity": [3], "review_fields": [1, 2, 3, 4, 5, 6]}}, {"model": "Hotels.hotel", "pk": 3, "fields": {"name": "Hotell Four Season", "name_description": "The best hotel", "short_description": "The best hotel", "long_description": "lorem ipsum lorem ipsum lorem ipsum lorem ipsum lorem ipsum lorem ipsum lorem ipsum lorem ipsum lorem ipsum lorem ipsum lorem ipsum lorem ipsum lorem ipsum lorem ipsum", "longitude": "30.100000000000000", "latitude": "30.300000000000000", "phone_number": 33333, "website": "hotel4.com", "rating": "4.0", "main_image": "images/hotelImages/hotel1_aOXuWhe.jpg", "min_price": 60, "city": 2, "author": ["agil"], "slug": "hotell-four-season-20200915-081327", "policies": [1, 2, 3, 4, 5], "room_type": [5, 6], "hotel_amenity": [5], "room_amenity": [2, 3], "review_fields": [1, 2, 3, 4, 5, 6]}}, {"model": "Hotels.hotel", "pk": 4, "fields": {"name": "Hotel Life", "name_description": "Hotel Life - description", "short_description": "Hotel Life - short description", "long_description": "Hotel Life - long description. Hotel Life - long description. Hotel Life - long description. Hotel Life - long description. Hotel Life - long description.", "longitude": "50.400000000000000", "latitude": "20.500000000000000", "phone_number": 6666, "website": "life.com", "rating": "5.0", "main_image": "images/hotelImages/newstyle2.jpg", "min_price": 20, "city": 1, "author": ["agil"], "slug": "hotel-life-20200915-081112", "policies": [1, 2, 3, 4, 5], "room_type": [5, 6], "hotel_amenity": [1, 2, 3, 4, 5, 6, 7], "room_amenity": [1, 2, 3, 4, 5, 6], "review_fields": [1, 2, 3, 4, 5, 6]}}]